Benua;Kebangsaan;Negara
Asia;Malaysia;Malaysia
Asia;Filipina;Filipina
Asia;Singapura;Singapura
Asia;Thailand;Thailand
Asia;Vietnam;Vietnam
Asia;Hong Kong;Hong Kong
Asia;India;India
Asia;Jepang;Jepang
Asia;Korea Selatan;Korea Selatan
Asia;Taiwan;Taiwan
Asia;Tiongkok;Tiongkok
Asia;Timor Leste;Timor Leste
Asia;Arab Saudi;Arab Saudi
Asia;Kuwait;Kuwait
Asia;Mesir;Mesir
Asia;Uni Emirat Arab;Uni Emirat Arab
Asia;Yaman;Yaman
Asia;Asia Lainnya;Afghanistan
Asia;Asia Lainnya;Armenia
Asia;Asia Lainnya;Azerbaijan
Asia;Asia Lainnya;Bahrain
Asia;Asia Lainnya;Bangladesh
Asia;Asia Lainnya;Bhutan
Asia;Asia Lainnya;Brunei
Asia;Asia Lainnya;Kamboja
Asia;Asia Lainnya;Georgia
Asia;Asia Lainnya;Iran
Asia;Asia Lainnya;Irak
Asia;Asia Lainnya;Israel
Asia;Asia Lainnya;Yordania
Asia;Asia Lainnya;Kazakhstan
Asia;Asia Lainnya;Kirgizstan
Asia;Asia Lainnya;Laos
Asia;Asia Lainnya;Lebanon
Asia;Asia Lainnya;Makau
Asia;Asia Lainnya;Maladewa
Asia;Asia Lainnya;Mongolia
Asia;Asia Lainnya;Myanmar
Asia;Asia Lainnya;Nepal
Asia;Asia Lainnya;Korea Utara
Asia;Asia Lainnya;Oman
Asia;Asia Lainnya;Pakistan
Asia;Asia Lainnya;Palestina
Asia;Asia Lainnya;Qatar
Asia;Asia Lainnya;Sri Lanka
Asia;Asia Lainnya;Suriah
Asia;Asia Lainnya;Tajikistan
Asia;Asia Lainnya;Turki
Asia;Asia Lainnya;Turkmenistan
Asia;Asia Lainnya;Uzbekistan
Eropa;Prancis;Prancis
Eropa;Jerman;Jerman
Eropa;Belanda;Belanda
Eropa;Inggris;Inggris
Eropa;Rusia;Rusia
Eropa;Eropa Lainnya;Albania
Eropa;Eropa Lainnya;Andorra
Eropa;Eropa Lainnya;Austria
Eropa;Eropa Lainnya;Belarusia
Eropa;Eropa Lainnya;Belgia
Eropa;Eropa Lainnya;Bosnia dan Herzegovina
Eropa;Eropa Lainnya;Bulgaria
Eropa;Eropa Lainnya;Kroasia
Eropa;Eropa Lainnya;Siprus
Eropa;Eropa Lainnya;Republik Ceko
Eropa;Eropa Lainnya;Denmark
Eropa;Eropa Lainnya;Estonia
Eropa;Eropa Lainnya;Kepulauan Faroe
Eropa;Eropa Lainnya;Finlandia
Eropa;Eropa Lainnya;Gibraltar
Eropa;Eropa Lainnya;Yunani
Eropa;Eropa Lainnya;Guernsey
Eropa;Eropa Lainnya;Hongaria
Eropa;Eropa Lainnya;Islandia
Eropa;Eropa Lainnya;Irlandia
Eropa;Eropa Lainnya;Pulau Man
Eropa;Eropa Lainnya;Italia
Eropa;Eropa Lainnya;Jersey
Eropa;Eropa Lainnya;Latvia
Eropa;Eropa Lainnya;Liechtenstein
Eropa;Eropa Lainnya;Lituania
Eropa;Eropa Lainnya;Luksemburg
Eropa;Eropa Lainnya;Malta
Eropa;Eropa Lainnya;Moldova
Eropa;Eropa Lainnya;Monako
Eropa;Eropa Lainnya;Montenegro
Eropa;Eropa Lainnya;Makedonia Utara
Eropa;Eropa Lainnya;Norwegia
Eropa;Eropa Lainnya;Polandia
Eropa;Eropa Lainnya;Portugal
Eropa;Eropa Lainnya;Rumania
Eropa;Eropa Lainnya;San Marino
Eropa;Eropa Lainnya;Serbia
Eropa;Eropa Lainnya;Slowakia
Eropa;Eropa Lainnya;Slovenia
Eropa;Eropa Lainnya;Spanyol
Eropa;Eropa Lainnya;Swedia
Eropa;Eropa Lainnya;Swiss
Eropa;Eropa Lainnya;Ukraina
Eropa;Eropa Lainnya;Kota Vatikan
Amerika;Amerika Serikat;Amerika Serikat
Amerika;Kanada;Kanada
Amerika;Brasil;Brasil
Amerika;Meksiko;Meksiko
Amerika;Amerika Lainnya;Anguilla
Amerika;Amerika Lainnya;Antigua dan Barbuda
Amerika;Amerika Lainnya;Aruba
Amerika;Amerika Lainnya;Bahama
Amerika;Amerika Lainnya;Barbados
Amerika;Amerika Lainnya;Belize
Amerika;Amerika Lainnya;Bermuda
Amerika;Amerika Lainnya;Kepulauan Virgin Britania Raya
Amerika;Amerika Lainnya;Kepulauan Cayman
Amerika;Amerika Lainnya;Kosta Rika
Amerika;Amerika Lainnya;Kuba
Amerika;Amerika Lainnya;Curacao
Amerika;Amerika Lainnya;Dominika
Amerika;Amerika Lainnya;Republik Dominika
Amerika;Amerika Lainnya;El Salvador
Amerika;Amerika Lainnya;Greenland
Amerika;Amerika Lainnya;Grenada
Amerika;Amerika Lainnya;Guadeloupe
Amerika;Amerika Lainnya;Guatemala
Amerika;Amerika Lainnya;Haiti
Amerika;Amerika Lainnya;Honduras
Amerika;Amerika Lainnya;Jamaika
Amerika;Amerika Lainnya;Martinique
Amerika;Amerika Lainnya;Montserrat
Amerika;Amerika Lainnya;Nikaragua
Amerika;Amerika Lainnya;Panama
Amerika;Amerika Lainnya;Puerto Rico
Amerika;Amerika Lainnya;Saint Barthelemy
Amerika;Amerika Lainnya;Saint Kitts dan Nevis
Amerika;Amerika Lainnya;Saint Lucia
Amerika;Amerika Lainnya;Saint Martin
Amerika;Amerika Lainnya;Saint Pierre dan Miquelon
Amerika;Amerika Lainnya;Saint Vincent dan Grenadines
Amerika;Amerika Lainnya;Sint Maarten
Amerika;Amerika Lainnya;Trinidad dan Tobago
Amerika;Amerika Lainnya;Kepulauan Turks dan Caicos
Amerika;Amerika Lainnya;Kepulauan Virgin Amerika Serikat
Amerika;Amerika Lainnya;Argentina
Amerika;Amerika Lainnya;Bolivia
Amerika;Amerika Lainnya;Chili
Amerika;Amerika Lainnya;Kolombia
Amerika;Amerika Lainnya;Ekuador
Amerika;Amerika Lainnya;Kepulauan Falkland
Amerika;Amerika Lainnya;Guyana Prancis
Amerika;Amerika Lainnya;Guyana
Amerika;Amerika Lainnya;Paraguay
Amerika;Amerika Lainnya;Peru
Amerika;Amerika Lainnya;Suriname
Amerika;Amerika Lainnya;Uruguay
Amerika;Amerika Lainnya;Venezuela
Oseania;Australia;Australia
Oseania;Selandia Baru;Selandia Baru
Oseania;Papua Nugini;Papua Nugini
Oseania;Oseania Lainnya;Samoa Amerika
Oseania;Oseania Lainnya;Kepulauan Cook
Oseania;Oseania Lainnya;Fiji
Oseania;Oseania Lainnya;Polinesia Prancis
Oseania;Oseania Lainnya;Guam
Oseania;Oseania Lainnya;Kiribati
Oseania;Oseania Lainnya;Kepulauan Marshall
Oseania;Oseania Lainnya;Mikronesia
Oseania;Oseania Lainnya;Nauru
Oseania;Oseania Lainnya;Kaledonia Baru
Oseania;Oseania Lainnya;Niue
Oseania;Oseania Lainnya;Kepulauan Mariana Utara
Oseania;Oseania Lainnya;Palau
Oseania;Oseania Lainnya;Samoa
Oseania;Oseania Lainnya;Kepulauan Solomon
Oseania;Oseania Lainnya;Tokelau
Oseania;Oseania Lainnya;Tonga
Oseania;Oseania Lainnya;Tuvalu
Oseania;Oseania Lainnya;Vanuatu
Oseania;Oseania Lainnya;Wallis dan Futuna
Afrika;Afrika Selatan;Afrika Selatan
Afrika;Afrika Lainnya;Algeria
Afrika;Afrika Lainnya;Angola
Afrika;Afrika Lainnya;Benin
Afrika;Afrika Lainnya;Botswana
Afrika;Afrika Lainnya;Burkina Faso
Afrika;Afrika Lainnya;Burundi
Afrika;Afrika Lainnya;Kamerun
Afrika;Afrika Lainnya;Tanjung Verde
Afrika;Afrika Lainnya;Republik Afrika Tengah
Afrika;Afrika Lainnya;Chad
Afrika;Afrika Lainnya;Komoro
Afrika;Afrika Lainnya;Djibouti
Afrika;Afrika Lainnya;DR Kongo
Afrika;Afrika Lainnya;Guinea Khatulistiwa
Afrika;Afrika Lainnya;Eritrea
Afrika;Afrika Lainnya;Eswatini
Afrika;Afrika Lainnya;Ethiopia
Afrika;Afrika Lainnya;Gabon
Afrika;Afrika Lainnya;Gambia
Afrika;Afrika Lainnya;Ghana
Afrika;Afrika Lainnya;Guinea
Afrika;Afrika Lainnya;Guinea-Bissau
Afrika;Afrika Lainnya;Pantai Gading
Afrika;Afrika Lainnya;Kenya
Afrika;Afrika Lainnya;Lesotho
Afrika;Afrika Lainnya;Liberia
Afrika;Afrika Lainnya;Libya
Afrika;Afrika Lainnya;Madagaskar
Afrika;Afrika Lainnya;Malawi
Afrika;Afrika Lainnya;Mali
Afrika;Afrika Lainnya;Mauritania
Afrika;Afrika Lainnya;Mauritius
Afrika;Afrika Lainnya;Mayotte
Afrika;Afrika Lainnya;Maroko
Afrika;Afrika Lainnya;Mozambik
Afrika;Afrika Lainnya;Namibia
Afrika;Afrika Lainnya;Niger
Afrika;Afrika Lainnya;Nigeria
Afrika;Afrika Lainnya;Republik Kongo
Afrika;Afrika Lainnya;Reunion
Afrika;Afrika Lainnya;Rwanda
Afrika;Afrika Lainnya;Sao Tome dan Principe
Afrika;Afrika Lainnya;Senegal
Afrika;Afrika Lainnya;Seychelles
Afrika;Afrika Lainnya;Sierra Leone
Afrika;Afrika Lainnya;Somalia
Afrika;Afrika Lainnya;Sudan Selatan
Afrika;Afrika Lainnya;Sudan
Afrika;Afrika Lainnya;Tanzania
Afrika;Afrika Lainnya;Togo
Afrika;Afrika Lainnya;Tunisia
Afrika;Afrika Lainnya;Uganda
Afrika;Afrika Lainnya;Sahara Barat
Afrika;Afrika Lainnya;Zambia
Afrika;Afrika Lainnya;Zimbabwe
